Name,gender,Company,Job
Gennie Kosiada,Female,Little LLC,Technical Writer
Miquela Godridge,Female,Thiel-Kunde,Software Engineer I
Cart Bealing,Male,"Bruen, Nikolaus and Schmeler",Graphic Designer
Latrina Gerrie,Female,O'Conner-Hintz,Technical Writer
Wilhelmina Lorinez,Female,"Bruen, Nikolaus and Schmeler",Software Engineer I
Bo McCleod,Male,Reichert Inc,Financial Advisor
Freddie Rapkins,Female,Kuhn Inc,Financial Advisor
Ezequiel Phillput,Male,Smith-Howe,Software Engineer I
Laraine Stoakley,Female,Smith-Howe,Graphic Designer
Griz Urlin,Male,Little LLC,Technical Writer
Britt Craise,Female,Little LLC,Financial Advisor
Jen Gooding,Female,"Bruen, Nikolaus and Schmeler",Financial Advisor
Daryn Sowman,Female,Schmitt Group,Senior Editor
Austen Jacquemard,Male,Smith-Howe,Senior Editor
Hillyer Testro,Male,Herzog Group,Software Consultant
Nolan Anstice,Male,Little LLC,Human Resources Assistant II
Aguste Gecks,Male,Smith-Howe,Graphic Designer
Hermina Willstrop,Female,Smith-Howe,Graphic Designer
Ramsay Tamas,Male,O'Conner-Hintz,Financial Advisor
Foster Petrichat,Male,"Bruen, Nikolaus and Schmeler",Research Assistant I
Tully Simeonov,Male,"Bruen, Nikolaus and Schmeler",Financial Advisor
Joceline Kybert,Female,Thiel-Kunde,Software Engineer I
Micheil Battey,Male,"Bruen, Nikolaus and Schmeler",Human Resources Assistant II
Emeline Rawkesby,Female,Schmitt Group,Senior Editor
Karena Gross,Female,Kuhn Group,Financial Advisor
Darby Whear,Male,Little LLC,Financial Advisor
Brien Schonfelder,Male,Schmitt Group,Senior Editor
Sauncho Devanney,Male,Thiel-Kunde,Software Engineer I
Eolanda Yeeles,Female,O'Conner-Hintz,Technical Writer
Priscella Laytham,Female,Kautzer-Keeling,Financial Advisor
Vevay Yankishin,Female,O'Conner-Hintz,Financial Advisor
Rosabella Carney,Female,"Macejkovic, Bogisich and Hermiston",Software Engineer I
Kendal Drage,Male,Little LLC,Human Resources Assistant II
Jozef Coddington,Male,"Bruen, Nikolaus and Schmeler",Graphic Designer
Nollie Rehm,Male,O'Conner-Hintz,Financial Advisor
Alaric Hoggins,Male,O'Conner-Hintz,Technical Writer
Pippy Perrott,Female,Schmitt Group,Senior Editor
Finn Betonia,Male,Thiel-Kunde,Graphic Designer
Elyssa Buckerfield,Female,Smith-Howe,Senior Editor
Dun Bartul,Male,Kuhn Inc,Financial Advisor
Lilla Stothart,Female,Thiel-Kunde,Technical Writer
Ruthe Moorcroft,Female,Little LLC,Financial Advisor
Mathian Richarz,Male,Little LLC,Technical Writer
Miguel Marsden,Male,Kuhn Inc,Software Engineer I
Alasdair Becconsall,Male,"Bruen, Nikolaus and Schmeler",Technical Writer
Minetta Romanetti,Female,Thiel-Kunde,Graphic Designer
Chanda Mashal,Female,"Bruen, Nikolaus and Schmeler",Software Engineer I
Tyrus Siddall,Male,Schmitt Group,Human Resources Assistant II
Willette Blaschke,Female,Schmitt Group,Technical Writer
Lay Ellit,Male,Thiel-Kunde,Software Engineer I
